﻿<?xml version="1.0"?>
<doc>
<assembly>
<name>
Checkers(A1)
</name>
</assembly>
<members>
<member name="P:WindowsApplication1.My.Resources.Resources.ResourceManager">
	<summary>
  Returns the cached ResourceManager instance used by this class.
</summary>
</member><member name="P:WindowsApplication1.My.Resources.Resources.Culture">
	<summary>
  Overrides the current thread's CurrentUICulture property for all
  resource lookups using this strongly typed resource class.
</summary>
</member><member name="P:WindowsApplication1.My.Resources.Resources.BP_King__shadow_">
	<summary>
  Looks up a localized resource of type System.Drawing.Bitmap.
</summary>
</member><member name="P:WindowsApplication1.My.Resources.Resources.BP_shadow_">
	<summary>
  Looks up a localized resource of type System.Drawing.Bitmap.
</summary>
</member><member name="P:WindowsApplication1.My.Resources.Resources.LayoutBlue">
	<summary>
  Looks up a localized resource of type System.Drawing.Bitmap.
</summary>
</member><member name="P:WindowsApplication1.My.Resources.Resources.LayoutBlueM">
	<summary>
  Looks up a localized resource of type System.Drawing.Bitmap.
</summary>
</member><member name="P:WindowsApplication1.My.Resources.Resources.LayoutBlueT">
	<summary>
  Looks up a localized resource of type System.Drawing.Bitmap.
</summary>
</member><member name="P:WindowsApplication1.My.Resources.Resources.LayoutGreen">
	<summary>
  Looks up a localized resource of type System.Drawing.Bitmap.
</summary>
</member><member name="P:WindowsApplication1.My.Resources.Resources.LayoutGreenM">
	<summary>
  Looks up a localized resource of type System.Drawing.Bitmap.
</summary>
</member><member name="P:WindowsApplication1.My.Resources.Resources.LayoutGreenT">
	<summary>
  Looks up a localized resource of type System.Drawing.Bitmap.
</summary>
</member><member name="P:WindowsApplication1.My.Resources.Resources.LayoutGrey">
	<summary>
  Looks up a localized resource of type System.Drawing.Bitmap.
</summary>
</member><member name="P:WindowsApplication1.My.Resources.Resources.LayoutGreyM">
	<summary>
  Looks up a localized resource of type System.Drawing.Bitmap.
</summary>
</member><member name="P:WindowsApplication1.My.Resources.Resources.LayoutGreyT">
	<summary>
  Looks up a localized resource of type System.Drawing.Bitmap.
</summary>
</member><member name="P:WindowsApplication1.My.Resources.Resources.LayoutRed">
	<summary>
  Looks up a localized resource of type System.Drawing.Bitmap.
</summary>
</member><member name="P:WindowsApplication1.My.Resources.Resources.LayoutRedM">
	<summary>
  Looks up a localized resource of type System.Drawing.Bitmap.
</summary>
</member><member name="P:WindowsApplication1.My.Resources.Resources.LayoutRedT">
	<summary>
  Looks up a localized resource of type System.Drawing.Bitmap.
</summary>
</member><member name="P:WindowsApplication1.My.Resources.Resources.PauseScreen">
	<summary>
  Looks up a localized resource of type System.Drawing.Bitmap.
</summary>
</member><member name="P:WindowsApplication1.My.Resources.Resources.RP_King__shadow_">
	<summary>
  Looks up a localized resource of type System.Drawing.Bitmap.
</summary>
</member><member name="P:WindowsApplication1.My.Resources.Resources.RP_shadow_">
	<summary>
  Looks up a localized resource of type System.Drawing.Bitmap.
</summary>
</member><member name="T:WindowsApplication1.My.Resources.Resources">
	<summary>
  A strongly-typed resource class, for looking up localized strings, etc.
</summary>
</member>
</members>
</doc>